{"A-A":{"A0":0.01909544766716911,"A1":0.395243649945467,"p":4.649476489420773,"q":0.43832372762640737,"qsi":0.20446290038709494},"A-B":{"A0":0.19899290860466917,"A1":-0.029756350054532962,"p":5.811976489420797,"q":1.8377377901263827,"qsi":-0.9979785058629027},"B-B":{"A0":0.9289001351671589,"A1":-0.5047563500545332,"p":2.0619764894207577,"q":5.738323727626439,"qsi":-0.1580370996129044}}